Canal view studio	Bright studio with a view on the canal, perfect for couples.	2026-03-04T16:17:40.814Z	Amsterdam	img/studio-01.jpg	img/s01.jpg;img/s02.jpg;img/s03.jpg;img/s04.jpg;img/s05.jpg;img/s06.jpg	true	false	4	apartment	3	7	8551	Laptop friendly workspace	Chris	chris88@example.com	avatar-chris.jpg	pass7481	pro	52.370216	4.895168
Business hotel near station	Comfortable business hotel right next to the central station, ideal for short business trips.	2026-02-03T16:17:40.815Z	Cologne	img/hotel-01.jpg	img/bh01.jpg;img/bh02.jpg;img/bh03.jpg;img/bh04.jpg;img/bh05.jpg;img/bh06.jpg	true	true	1.3	hotel	4	6	7844	Breakfast;Towels	Taylor	taylor28@example.com	avatar-taylor.jpg	pass1035	pro	50.938361	6.959974
Canal view studio	Bright studio with a view on the canal, perfect for couples.	2026-02-11T16:17:40.815Z	Amsterdam	img/studio-01.jpg	img/s01.jpg;img/s02.jpg;img/s03.jpg;img/s04.jpg;img/s05.jpg;img/s06.jpg	true	false	4.9	apartment	6	3	76318	Air conditioning;Laptop friendly workspace;Fridge	Jordan	jordan32@example.com	avatar-jordan.jpg	pass2034	pro	52.370216	4.895168
Canal view studio	Bright studio with a view on the canal, perfect for couples.	2026-02-25T16:17:40.815Z	Amsterdam	img/studio-01.jpg	img/s01.jpg;img/s02.jpg;img/s03.jpg;img/s04.jpg;img/s05.jpg;img/s06.jpg	true	true	2.4	apartment	4	2	65210	Laptop friendly workspace;Fridge	Alex	alex86@example.com	avatar-alex.jpg	pass8141	ordinary	52.370216	4.895168
Family house with garden	Spacious family house with private garden and parking space.	2026-02-26T16:17:40.815Z	Hamburg	img/house-01.jpg	img/h01.jpg;img/h02.jpg;img/h03.jpg;img/h04.jpg;img/h05.jpg;img/h06.jpg	false	true	4.2	house	3	3	87652	Baby seat	Sam	sam65@example.com	avatar-sam.jpg	pass2947	pro	53.550341	10.000654
Stylish apartment in city center	Modern stylish apartment in the very heart of the city, close to main attractions and restaurants.	2026-02-27T16:17:40.815Z	Amsterdam	img/apartment-01.jpg	img/01.jpg;img/02.jpg;img/03.jpg;img/04.jpg;img/05.jpg;img/06.jpg	true	true	4.3	apartment	8	7	25731	Breakfast;Towels	Chris	chris57@example.com	avatar-chris.jpg	pass5488	pro	52.370216	4.895168
Business hotel near station	Comfortable business hotel right next to the central station, ideal for short business trips.	2026-02-03T16:17:40.815Z	Cologne	img/hotel-01.jpg	img/bh01.jpg;img/bh02.jpg;img/bh03.jpg;img/bh04.jpg;img/bh05.jpg;img/bh06.jpg	true	false	2.7	hotel	5	1	51466	Breakfast;Towels	Taylor	taylor81@example.com	avatar-taylor.jpg	pass9034	pro	50.938361	6.959974
Canal view studio	Bright studio with a view on the canal, perfect for couples.	2026-02-25T16:17:40.815Z	Amsterdam	img/studio-01.jpg	img/s01.jpg;img/s02.jpg;img/s03.jpg;img/s04.jpg;img/s05.jpg;img/s06.jpg	true	true	4.8	apartment	8	1	68284	Laptop friendly workspace;Fridge	Pat	pat22@example.com	avatar-pat.jpg	pass8651	ordinary	52.370216	4.895168
Cozy room near park	Small but cozy room next to a green park, perfect for a short stay.	2026-02-23T16:17:40.815Z	Paris	img/room-01.jpg	img/r01.jpg;img/r02.jpg;img/r03.jpg;img/r04.jpg;img/r05.jpg;img/r06.jpg	false	false	3	room	6	8	8499	Towels	Morgan	morgan56@example.com	avatar-morgan.jpg	pass4121	pro	48.85661	2.351499
Stylish apartment in city center	Modern stylish apartment in the very heart of the city, close to main attractions and restaurants.	2026-02-06T16:17:40.815Z	Amsterdam	img/apartment-01.jpg	img/01.jpg;img/02.jpg;img/03.jpg;img/04.jpg;img/05.jpg;img/06.jpg	true	true	3.9	apartment	3	2	13655	Breakfast;Washer	Chris	chris1@example.com	avatar-chris.jpg	pass3408	ordinary	52.370216	4.895168
Stylish apartment in city center	Modern stylish apartment in the very heart of the city, close to main attractions and restaurants.	2026-02-04T16:17:40.815Z	Amsterdam	img/apartment-01.jpg	img/01.jpg;img/02.jpg;img/03.jpg;img/04.jpg;img/05.jpg;img/06.jpg	true	true	4.8	apartment	1	2	83198	Air conditioning	Morgan	morgan25@example.com	avatar-morgan.jpg	pass6044	ordinary	52.370216	4.895168
Business hotel near station	Comfortable business hotel right next to the central station, ideal for short business trips.	2026-03-01T16:17:40.815Z	Cologne	img/hotel-01.jpg	img/bh01.jpg;img/bh02.jpg;img/bh03.jpg;img/bh04.jpg;img/bh05.jpg;img/bh06.jpg	true	true	4.4	hotel	8	10	19254	Breakfast;Laptop friendly workspace	Morgan	morgan97@example.com	avatar-morgan.jpg	pass1208	ordinary	50.938361	6.959974
Cozy room near park	Small but cozy room next to a green park, perfect for a short stay.	2026-02-22T16:17:40.815Z	Paris	img/room-01.jpg	img/r01.jpg;img/r02.jpg;img/r03.jpg;img/r04.jpg;img/r05.jpg;img/r06.jpg	true	true	4.1	room	3	7	88853	Towels	Jordan	jordan60@example.com	avatar-jordan.jpg	pass6491	pro	48.85661	2.351499
Stylish apartment in city center	Modern stylish apartment in the very heart of the city, close to main attractions and restaurants.	2026-03-02T16:17:40.815Z	Amsterdam	img/apartment-01.jpg	img/01.jpg;img/02.jpg;img/03.jpg;img/04.jpg;img/05.jpg;img/06.jpg	true	true	3.1	apartment	7	2	36437	Breakfast;Air conditioning;Towels	Alex	alex51@example.com	avatar-alex.jpg	pass8709	ordinary	52.370216	4.895168
Cozy room near park	Small but cozy room next to a green park, perfect for a short stay.	2026-02-05T16:17:40.815Z	Paris	img/room-01.jpg	img/r01.jpg;img/r02.jpg;img/r03.jpg;img/r04.jpg;img/r05.jpg;img/r06.jpg	true	true	3	room	8	4	97221	Towels;Fridge	Sam	sam30@example.com	avatar-sam.jpg	pass8485	pro	48.85661	2.351499
Cozy room near park	Small but cozy room next to a green park, perfect for a short stay.	2026-02-05T16:17:40.815Z	Paris	img/room-01.jpg	img/r01.jpg;img/r02.jpg;img/r03.jpg;img/r04.jpg;img/r05.jpg;img/r06.jpg	true	false	2.2	room	2	6	22670	Fridge	Chris	chris27@example.com	avatar-chris.jpg	pass6283	ordinary	48.85661	2.351499
Canal view studio	Bright studio with a view on the canal, perfect for couples.	2026-02-08T16:17:40.815Z	Amsterdam	img/studio-01.jpg	img/s01.jpg;img/s02.jpg;img/s03.jpg;img/s04.jpg;img/s05.jpg;img/s06.jpg	true	false	4.7	apartment	5	2	33434	Fridge	Morgan	morgan77@example.com	avatar-morgan.jpg	pass9973	pro	52.370216	4.895168
Canal view studio	Bright studio with a view on the canal, perfect for couples.	2026-02-25T16:17:40.815Z	Amsterdam	img/studio-01.jpg	img/s01.jpg;img/s02.jpg;img/s03.jpg;img/s04.jpg;img/s05.jpg;img/s06.jpg	true	true	2.9	apartment	5	8	75483	Fridge	Morgan	morgan41@example.com	avatar-morgan.jpg	pass4735	pro	52.370216	4.895168
Canal view studio	Bright studio with a view on the canal, perfect for couples.	2026-03-02T16:17:40.815Z	Amsterdam	img/studio-01.jpg	img/s01.jpg;img/s02.jpg;img/s03.jpg;img/s04.jpg;img/s05.jpg;img/s06.jpg	true	false	1.8	apartment	8	8	94045	Air conditioning	Chris	chris99@example.com	avatar-chris.jpg	pass9987	pro	52.370216	4.895168
Stylish apartment in city center	Modern stylish apartment in the very heart of the city, close to main attractions and restaurants.	2026-02-14T16:17:40.815Z	Amsterdam	img/apartment-01.jpg	img/01.jpg;img/02.jpg;img/03.jpg;img/04.jpg;img/05.jpg;img/06.jpg	true	true	1.2	apartment	8	9	68205	Breakfast;Towels	Alex	alex16@example.com	avatar-alex.jpg	pass9468	ordinary	52.370216	4.895168
Canal view studio	Bright studio with a view on the canal, perfect for couples.	2026-02-14T16:17:40.815Z	Amsterdam	img/studio-01.jpg	img/s01.jpg;img/s02.jpg;img/s03.jpg;img/s04.jpg;img/s05.jpg;img/s06.jpg	true	true	2.2	apartment	8	10	41982	Air conditioning;Laptop friendly workspace;Fridge	Alex	alex59@example.com	avatar-alex.jpg	pass6831	ordinary	52.370216	4.895168
Cozy room near park	Small but cozy room next to a green park, perfect for a short stay.	2026-02-09T16:17:40.815Z	Paris	img/room-01.jpg	img/r01.jpg;img/r02.jpg;img/r03.jpg;img/r04.jpg;img/r05.jpg;img/r06.jpg	false	true	3.9	room	4	1	34504	Fridge	Pat	pat91@example.com	avatar-pat.jpg	pass1538	pro	48.85661	2.351499
Stylish apartment in city center	Modern stylish apartment in the very heart of the city, close to main attractions and restaurants.	2026-02-28T16:17:40.815Z	Amsterdam	img/apartment-01.jpg	img/01.jpg;img/02.jpg;img/03.jpg;img/04.jpg;img/05.jpg;img/06.jpg	true	false	3.9	apartment	2	9	47753	Air conditioning	Taylor	taylor70@example.com	avatar-taylor.jpg	pass9320	pro	52.370216	4.895168
Business hotel near station	Comfortable business hotel right next to the central station, ideal for short business trips.	2026-03-04T16:17:40.815Z	Cologne	img/hotel-01.jpg	img/bh01.jpg;img/bh02.jpg;img/bh03.jpg;img/bh04.jpg;img/bh05.jpg;img/bh06.jpg	true	true	5	hotel	5	9	90451	Laptop friendly workspace;Towels	Morgan	morgan56@example.com	avatar-morgan.jpg	pass6182	pro	50.938361	6.959974
Business hotel near station	Comfortable business hotel right next to the central station, ideal for short business trips.	2026-02-11T16:17:40.815Z	Cologne	img/hotel-01.jpg	img/bh01.jpg;img/bh02.jpg;img/bh03.jpg;img/bh04.jpg;img/bh05.jpg;img/bh06.jpg	false	false	2.8	hotel	7	9	87320	Laptop friendly workspace	Sam	sam45@example.com	avatar-sam.jpg	pass7030	ordinary	50.938361	6.959974
Cozy room near park	Small but cozy room next to a green park, perfect for a short stay.	2026-02-21T16:17:40.815Z	Paris	img/room-01.jpg	img/r01.jpg;img/r02.jpg;img/r03.jpg;img/r04.jpg;img/r05.jpg;img/r06.jpg	true	true	2.3	room	1	7	68089	Towels;Fridge	Chris	chris13@example.com	avatar-chris.jpg	pass6231	pro	48.85661	2.351499
Canal view studio	Bright studio with a view on the canal, perfect for couples.	2026-02-27T16:17:40.815Z	Amsterdam	img/studio-01.jpg	img/s01.jpg;img/s02.jpg;img/s03.jpg;img/s04.jpg;img/s05.jpg;img/s06.jpg	true	false	1.8	apartment	2	8	14825	Air conditioning	Alex	alex51@example.com	avatar-alex.jpg	pass1627	pro	52.370216	4.895168
Business hotel near station	Comfortable business hotel right next to the central station, ideal for short business trips.	2026-02-14T16:17:40.815Z	Cologne	img/hotel-01.jpg	img/bh01.jpg;img/bh02.jpg;img/bh03.jpg;img/bh04.jpg;img/bh05.jpg;img/bh06.jpg	true	true	3	hotel	2	5	38112	Laptop friendly workspace;Towels	Pat	pat100@example.com	avatar-pat.jpg	pass9933	pro	50.938361	6.959974
Canal view studio	Bright studio with a view on the canal, perfect for couples.	2026-03-02T16:17:40.815Z	Amsterdam	img/studio-01.jpg	img/s01.jpg;img/s02.jpg;img/s03.jpg;img/s04.jpg;img/s05.jpg;img/s06.jpg	true	false	4.7	apartment	1	2	99581	Air conditioning	Morgan	morgan57@example.com	avatar-morgan.jpg	pass6834	pro	52.370216	4.895168
Cozy room near park	Small but cozy room next to a green park, perfect for a short stay.	2026-02-02T16:17:40.815Z	Paris	img/room-01.jpg	img/r01.jpg;img/r02.jpg;img/r03.jpg;img/r04.jpg;img/r05.jpg;img/r06.jpg	false	false	3.5	room	4	7	76099	Fridge	Taylor	taylor45@example.com	avatar-taylor.jpg	pass1654	ordinary	48.85661	2.351499
Business hotel near station	Comfortable business hotel right next to the central station, ideal for short business trips.	2026-02-09T16:17:40.815Z	Cologne	img/hotel-01.jpg	img/bh01.jpg;img/bh02.jpg;img/bh03.jpg;img/bh04.jpg;img/bh05.jpg;img/bh06.jpg	false	true	2.1	hotel	2	1	58647	Laptop friendly workspace;Towels	Alex	alex4@example.com	avatar-alex.jpg	pass4615	ordinary	50.938361	6.959974
Family house with garden	Spacious family house with private garden and parking space.	2026-02-16T16:17:40.815Z	Hamburg	img/house-01.jpg	img/h01.jpg;img/h02.jpg;img/h03.jpg;img/h04.jpg;img/h05.jpg;img/h06.jpg	true	false	2.1	house	3	9	50913	Fridge	Jordan	jordan37@example.com	avatar-jordan.jpg	pass4972	ordinary	53.550341	10.000654
Stylish apartment in city center	Modern stylish apartment in the very heart of the city, close to main attractions and restaurants.	2026-02-04T16:17:40.815Z	Amsterdam	img/apartment-01.jpg	img/01.jpg;img/02.jpg;img/03.jpg;img/04.jpg;img/05.jpg;img/06.jpg	true	false	4	apartment	5	9	54482	Breakfast;Air conditioning;Washer	Sam	sam39@example.com	avatar-sam.jpg	pass8603	pro	52.370216	4.895168
Stylish apartment in city center	Modern stylish apartment in the very heart of the city, close to main attractions and restaurants.	2026-02-26T16:17:40.815Z	Amsterdam	img/apartment-01.jpg	img/01.jpg;img/02.jpg;img/03.jpg;img/04.jpg;img/05.jpg;img/06.jpg	true	true	2.6	apartment	5	9	78897	Air conditioning;Towels	Jordan	jordan89@example.com	avatar-jordan.jpg	pass2149	pro	52.370216	4.895168
Family house with garden	Spacious family house with private garden and parking space.	2026-02-06T16:17:40.815Z	Hamburg	img/house-01.jpg	img/h01.jpg;img/h02.jpg;img/h03.jpg;img/h04.jpg;img/h05.jpg;img/h06.jpg	false	true	1.6	house	6	3	31576	Baby seat	Pat	pat39@example.com	avatar-pat.jpg	pass1822	pro	53.550341	10.000654
Canal view studio	Bright studio with a view on the canal, perfect for couples.	2026-02-08T16:17:40.815Z	Amsterdam	img/studio-01.jpg	img/s01.jpg;img/s02.jpg;img/s03.jpg;img/s04.jpg;img/s05.jpg;img/s06.jpg	true	false	1.3	apartment	3	10	93724	Air conditioning;Laptop friendly workspace;Fridge	Pat	pat41@example.com	avatar-pat.jpg	pass9311	pro	52.370216	4.895168
Canal view studio	Bright studio with a view on the canal, perfect for couples.	2026-02-04T16:17:40.815Z	Amsterdam	img/studio-01.jpg	img/s01.jpg;img/s02.jpg;img/s03.jpg;img/s04.jpg;img/s05.jpg;img/s06.jpg	true	true	3.3	apartment	2	9	80305	Laptop friendly workspace;Fridge	Chris	chris74@example.com	avatar-chris.jpg	pass4416	pro	52.370216	4.895168
Family house with garden	Spacious family house with private garden and parking space.	2026-02-07T16:17:40.815Z	Hamburg	img/house-01.jpg	img/h01.jpg;img/h02.jpg;img/h03.jpg;img/h04.jpg;img/h05.jpg;img/h06.jpg	false	false	4.6	house	1	8	61279	Washer;Fridge	Morgan	morgan2@example.com	avatar-morgan.jpg	pass7225	ordinary	53.550341	10.000654
Business hotel near station	Comfortable business hotel right next to the central station, ideal for short business trips.	2026-02-14T16:17:40.815Z	Cologne	img/hotel-01.jpg	img/bh01.jpg;img/bh02.jpg;img/bh03.jpg;img/bh04.jpg;img/bh05.jpg;img/bh06.jpg	true	false	2.8	hotel	1	5	75313	Laptop friendly workspace	Pat	pat42@example.com	avatar-pat.jpg	pass2614	ordinary	50.938361	6.959974
Canal view studio	Bright studio with a view on the canal, perfect for couples.	2026-02-24T16:17:40.815Z	Amsterdam	img/studio-01.jpg	img/s01.jpg;img/s02.jpg;img/s03.jpg;img/s04.jpg;img/s05.jpg;img/s06.jpg	true	true	3.6	apartment	1	1	39387	Laptop friendly workspace;Fridge	Jordan	jordan37@example.com	avatar-jordan.jpg	pass2345	pro	52.370216	4.895168
Stylish apartment in city center	Modern stylish apartment in the very heart of the city, close to main attractions and restaurants.	2026-02-16T16:17:40.815Z	Amsterdam	img/apartment-01.jpg	img/01.jpg;img/02.jpg;img/03.jpg;img/04.jpg;img/05.jpg;img/06.jpg	true	true	3.4	apartment	6	10	60350	Breakfast;Towels	Sam	sam6@example.com	avatar-sam.jpg	pass1336	ordinary	52.370216	4.895168
Family house with garden	Spacious family house with private garden and parking space.	2026-02-02T16:17:40.815Z	Hamburg	img/house-01.jpg	img/h01.jpg;img/h02.jpg;img/h03.jpg;img/h04.jpg;img/h05.jpg;img/h06.jpg	false	false	4.1	house	5	1	11859	Baby seat;Washer;Fridge	Morgan	morgan1@example.com	avatar-morgan.jpg	pass9314	ordinary	53.550341	10.000654
Stylish apartment in city center	Modern stylish apartment in the very heart of the city, close to main attractions and restaurants.	2026-02-28T16:17:40.815Z	Amsterdam	img/apartment-01.jpg	img/01.jpg;img/02.jpg;img/03.jpg;img/04.jpg;img/05.jpg;img/06.jpg	true	true	4.1	apartment	2	6	76109	Breakfast;Washer;Towels	Morgan	morgan98@example.com	avatar-morgan.jpg	pass8073	ordinary	52.370216	4.895168
Business hotel near station	Comfortable business hotel right next to the central station, ideal for short business trips.	2026-02-04T16:17:40.816Z	Cologne	img/hotel-01.jpg	img/bh01.jpg;img/bh02.jpg;img/bh03.jpg;img/bh04.jpg;img/bh05.jpg;img/bh06.jpg	true	true	2.5	hotel	6	4	45968	Laptop friendly workspace	Pat	pat26@example.com	avatar-pat.jpg	pass8566	pro	50.938361	6.959974
Cozy room near park	Small but cozy room next to a green park, perfect for a short stay.	2026-02-10T16:17:40.816Z	Paris	img/room-01.jpg	img/r01.jpg;img/r02.jpg;img/r03.jpg;img/r04.jpg;img/r05.jpg;img/r06.jpg	true	false	4.7	room	2	2	36658	Towels;Fridge	Sam	sam21@example.com	avatar-sam.jpg	pass1765	ordinary	48.85661	2.351499
Stylish apartment in city center	Modern stylish apartment in the very heart of the city, close to main attractions and restaurants.	2026-02-05T16:17:40.816Z	Amsterdam	img/apartment-01.jpg	img/01.jpg;img/02.jpg;img/03.jpg;img/04.jpg;img/05.jpg;img/06.jpg	true	true	3.9	apartment	2	2	44705	Air conditioning;Towels	Pat	pat31@example.com	avatar-pat.jpg	pass2719	ordinary	52.370216	4.895168
Cozy room near park	Small but cozy room next to a green park, perfect for a short stay.	2026-02-06T16:17:40.816Z	Paris	img/room-01.jpg	img/r01.jpg;img/r02.jpg;img/r03.jpg;img/r04.jpg;img/r05.jpg;img/r06.jpg	true	true	4.8	room	8	7	16009	Towels	Sam	sam55@example.com	avatar-sam.jpg	pass8598	pro	48.85661	2.351499
Cozy room near park	Small but cozy room next to a green park, perfect for a short stay.	2026-02-18T16:17:40.816Z	Paris	img/room-01.jpg	img/r01.jpg;img/r02.jpg;img/r03.jpg;img/r04.jpg;img/r05.jpg;img/r06.jpg	true	true	1.9	room	8	10	51869	Fridge	Pat	pat36@example.com	avatar-pat.jpg	pass1989	pro	48.85661	2.351499
Family house with garden	Spacious family house with private garden and parking space.	2026-03-02T16:17:40.816Z	Hamburg	img/house-01.jpg	img/h01.jpg;img/h02.jpg;img/h03.jpg;img/h04.jpg;img/h05.jpg;img/h06.jpg	false	false	4	house	4	5	17706	Fridge	Morgan	morgan33@example.com	avatar-morgan.jpg	pass3408	pro	53.550341	10.000654
Family house with garden	Spacious family house with private garden and parking space.	2026-02-02T16:17:40.816Z	Hamburg	img/house-01.jpg	img/h01.jpg;img/h02.jpg;img/h03.jpg;img/h04.jpg;img/h05.jpg;img/h06.jpg	false	false	3.2	house	5	6	59217	Baby seat;Washer	Pat	pat97@example.com	avatar-pat.jpg	pass4985	pro	53.550341	10.000654
Stylish apartment in city center	Modern stylish apartment in the very heart of the city, close to main attractions and restaurants.	2026-02-24T16:17:40.816Z	Amsterdam	img/apartment-01.jpg	img/01.jpg;img/02.jpg;img/03.jpg;img/04.jpg;img/05.jpg;img/06.jpg	true	false	1.7	apartment	1	8	65633	Breakfast	Chris	chris25@example.com	avatar-chris.jpg	pass7067	pro	52.370216	4.895168
Cozy room near park	Small but cozy room next to a green park, perfect for a short stay.	2026-02-05T16:17:40.816Z	Paris	img/room-01.jpg	img/r01.jpg;img/r02.jpg;img/r03.jpg;img/r04.jpg;img/r05.jpg;img/r06.jpg	false	true	1.9	room	6	7	32057	Towels	Morgan	morgan85@example.com	avatar-morgan.jpg	pass9659	ordinary	48.85661	2.351499
Stylish apartment in city center	Modern stylish apartment in the very heart of the city, close to main attractions and restaurants.	2026-02-19T16:17:40.816Z	Amsterdam	img/apartment-01.jpg	img/01.jpg;img/02.jpg;img/03.jpg;img/04.jpg;img/05.jpg;img/06.jpg	true	false	1.3	apartment	8	7	27527	Air conditioning;Washer	Taylor	taylor73@example.com	avatar-taylor.jpg	pass2227	ordinary	52.370216	4.895168
Canal view studio	Bright studio with a view on the canal, perfect for couples.	2026-02-28T16:17:40.816Z	Amsterdam	img/studio-01.jpg	img/s01.jpg;img/s02.jpg;img/s03.jpg;img/s04.jpg;img/s05.jpg;img/s06.jpg	true	false	1.6	apartment	8	2	61031	Fridge	Alex	alex61@example.com	avatar-alex.jpg	pass6276	pro	52.370216	4.895168
Canal view studio	Bright studio with a view on the canal, perfect for couples.	2026-02-24T16:17:40.816Z	Amsterdam	img/studio-01.jpg	img/s01.jpg;img/s02.jpg;img/s03.jpg;img/s04.jpg;img/s05.jpg;img/s06.jpg	true	false	3.9	apartment	1	6	20613	Air conditioning	Jordan	jordan1@example.com	avatar-jordan.jpg	pass9363	ordinary	52.370216	4.895168
Business hotel near station	Comfortable business hotel right next to the central station, ideal for short business trips.	2026-02-11T16:17:40.816Z	Cologne	img/hotel-01.jpg	img/bh01.jpg;img/bh02.jpg;img/bh03.jpg;img/bh04.jpg;img/bh05.jpg;img/bh06.jpg	true	true	3.7	hotel	8	3	75001	Towels	Sam	sam62@example.com	avatar-sam.jpg	pass6419	pro	50.938361	6.959974
Business hotel near station	Comfortable business hotel right next to the central station, ideal for short business trips.	2026-03-02T16:17:40.816Z	Cologne	img/hotel-01.jpg	img/bh01.jpg;img/bh02.jpg;img/bh03.jpg;img/bh04.jpg;img/bh05.jpg;img/bh06.jpg	false	false	4.9	hotel	1	8	15836	Breakfast;Laptop friendly workspace	Alex	alex82@example.com	avatar-alex.jpg	pass8068	ordinary	50.938361	6.959974
Business hotel near station	Comfortable business hotel right next to the central station, ideal for short business trips.	2026-02-07T16:17:40.816Z	Cologne	img/hotel-01.jpg	img/bh01.jpg;img/bh02.jpg;img/bh03.jpg;img/bh04.jpg;img/bh05.jpg;img/bh06.jpg	false	true	4.4	hotel	4	10	95371	Laptop friendly workspace	Taylor	taylor14@example.com	avatar-taylor.jpg	pass4590	ordinary	50.938361	6.959974
Canal view studio	Bright studio with a view on the canal, perfect for couples.	2026-02-09T16:17:40.816Z	Amsterdam	img/studio-01.jpg	img/s01.jpg;img/s02.jpg;img/s03.jpg;img/s04.jpg;img/s05.jpg;img/s06.jpg	true	false	2.3	apartment	8	4	61025	Laptop friendly workspace	Chris	chris86@example.com	avatar-chris.jpg	pass2774	pro	52.370216	4.895168
Canal view studio	Bright studio with a view on the canal, perfect for couples.	2026-02-20T16:17:40.816Z	Amsterdam	img/studio-01.jpg	img/s01.jpg;img/s02.jpg;img/s03.jpg;img/s04.jpg;img/s05.jpg;img/s06.jpg	true	true	2.5	apartment	4	6	7875	Air conditioning	Morgan	morgan65@example.com	avatar-morgan.jpg	pass1730	ordinary	52.370216	4.895168
Family house with garden	Spacious family house with private garden and parking space.	2026-02-11T16:17:40.816Z	Hamburg	img/house-01.jpg	img/h01.jpg;img/h02.jpg;img/h03.jpg;img/h04.jpg;img/h05.jpg;img/h06.jpg	true	false	3	house	1	1	91975	Washer;Fridge	Pat	pat68@example.com	avatar-pat.jpg	pass3270	pro	53.550341	10.000654
Family house with garden	Spacious family house with private garden and parking space.	2026-02-09T16:17:40.816Z	Hamburg	img/house-01.jpg	img/h01.jpg;img/h02.jpg;img/h03.jpg;img/h04.jpg;img/h05.jpg;img/h06.jpg	true	false	3.8	house	5	4	57228	Baby seat	Chris	chris80@example.com	avatar-chris.jpg	pass2915	pro	53.550341	10.000654
Cozy room near park	Small but cozy room next to a green park, perfect for a short stay.	2026-02-18T16:17:40.816Z	Paris	img/room-01.jpg	img/r01.jpg;img/r02.jpg;img/r03.jpg;img/r04.jpg;img/r05.jpg;img/r06.jpg	true	true	4.1	room	1	8	6884	Towels	Morgan	morgan93@example.com	avatar-morgan.jpg	pass5474	pro	48.85661	2.351499
Cozy room near park	Small but cozy room next to a green park, perfect for a short stay.	2026-02-17T16:17:40.816Z	Paris	img/room-01.jpg	img/r01.jpg;img/r02.jpg;img/r03.jpg;img/r04.jpg;img/r05.jpg;img/r06.jpg	false	false	2.2	room	5	4	96594	Towels	Taylor	taylor81@example.com	avatar-taylor.jpg	pass9862	ordinary	48.85661	2.351499
Stylish apartment in city center	Modern stylish apartment in the very heart of the city, close to main attractions and restaurants.	2026-02-12T16:17:40.816Z	Amsterdam	img/apartment-01.jpg	img/01.jpg;img/02.jpg;img/03.jpg;img/04.jpg;img/05.jpg;img/06.jpg	true	true	3.5	apartment	8	3	7396	Breakfast;Air conditioning	Alex	alex13@example.com	avatar-alex.jpg	pass5568	ordinary	52.370216	4.895168
Canal view studio	Bright studio with a view on the canal, perfect for couples.	2026-02-03T16:17:40.816Z	Amsterdam	img/studio-01.jpg	img/s01.jpg;img/s02.jpg;img/s03.jpg;img/s04.jpg;img/s05.jpg;img/s06.jpg	true	false	4	apartment	5	6	49401	Air conditioning	Jordan	jordan80@example.com	avatar-jordan.jpg	pass4400	ordinary	52.370216	4.895168
Cozy room near park	Small but cozy room next to a green park, perfect for a short stay.	2026-02-25T16:17:40.816Z	Paris	img/room-01.jpg	img/r01.jpg;img/r02.jpg;img/r03.jpg;img/r04.jpg;img/r05.jpg;img/r06.jpg	false	false	2.1	room	4	6	54155	Towels;Fridge	Jordan	jordan24@example.com	avatar-jordan.jpg	pass5810	ordinary	48.85661	2.351499
Canal view studio	Bright studio with a view on the canal, perfect for couples.	2026-02-05T16:17:40.816Z	Amsterdam	img/studio-01.jpg	img/s01.jpg;img/s02.jpg;img/s03.jpg;img/s04.jpg;img/s05.jpg;img/s06.jpg	true	true	3.6	apartment	6	10	87718	Air conditioning	Sam	sam1@example.com	avatar-sam.jpg	pass2762	pro	52.370216	4.895168
Stylish apartment in city center	Modern stylish apartment in the very heart of the city, close to main attractions and restaurants.	2026-02-07T16:17:40.816Z	Amsterdam	img/apartment-01.jpg	img/01.jpg;img/02.jpg;img/03.jpg;img/04.jpg;img/05.jpg;img/06.jpg	true	true	4.2	apartment	7	3	91107	Breakfast;Washer	Pat	pat8@example.com	avatar-pat.jpg	pass5719	pro	52.370216	4.895168
Stylish apartment in city center	Modern stylish apartment in the very heart of the city, close to main attractions and restaurants.	2026-02-28T16:17:40.816Z	Amsterdam	img/apartment-01.jpg	img/01.jpg;img/02.jpg;img/03.jpg;img/04.jpg;img/05.jpg;img/06.jpg	true	false	4.7	apartment	2	8	56191	Air conditioning;Washer	Sam	sam6@example.com	avatar-sam.jpg	pass3132	pro	52.370216	4.895168
Family house with garden	Spacious family house with private garden and parking space.	2026-02-03T16:17:40.816Z	Hamburg	img/house-01.jpg	img/h01.jpg;img/h02.jpg;img/h03.jpg;img/h04.jpg;img/h05.jpg;img/h06.jpg	false	true	3.7	house	2	3	98128	Baby seat;Fridge	Taylor	taylor13@example.com	avatar-taylor.jpg	pass7962	pro	53.550341	10.000654
Canal view studio	Bright studio with a view on the canal, perfect for couples.	2026-02-20T16:17:40.816Z	Amsterdam	img/studio-01.jpg	img/s01.jpg;img/s02.jpg;img/s03.jpg;img/s04.jpg;img/s05.jpg;img/s06.jpg	true	false	4.7	apartment	4	9	74996	Air conditioning	Pat	pat13@example.com	avatar-pat.jpg	pass3545	pro	52.370216	4.895168
Canal view studio	Bright studio with a view on the canal, perfect for couples.	2026-03-02T16:17:40.816Z	Amsterdam	img/studio-01.jpg	img/s01.jpg;img/s02.jpg;img/s03.jpg;img/s04.jpg;img/s05.jpg;img/s06.jpg	true	true	4	apartment	4	3	17218	Air conditioning	Taylor	taylor84@example.com	avatar-taylor.jpg	pass1737	ordinary	52.370216	4.895168
Business hotel near station	Comfortable business hotel right next to the central station, ideal for short business trips.	2026-02-12T16:17:40.816Z	Cologne	img/hotel-01.jpg	img/bh01.jpg;img/bh02.jpg;img/bh03.jpg;img/bh04.jpg;img/bh05.jpg;img/bh06.jpg	false	false	1.4	hotel	1	5	9777	Towels	Sam	sam41@example.com	avatar-sam.jpg	pass5285	pro	50.938361	6.959974
Family house with garden	Spacious family house with private garden and parking space.	2026-02-19T16:17:40.816Z	Hamburg	img/house-01.jpg	img/h01.jpg;img/h02.jpg;img/h03.jpg;img/h04.jpg;img/h05.jpg;img/h06.jpg	false	false	3.7	house	7	7	22439	Baby seat;Washer;Fridge	Sam	sam16@example.com	avatar-sam.jpg	pass3310	pro	53.550341	10.000654
Stylish apartment in city center	Modern stylish apartment in the very heart of the city, close to main attractions and restaurants.	2026-02-25T16:17:40.816Z	Amsterdam	img/apartment-01.jpg	img/01.jpg;img/02.jpg;img/03.jpg;img/04.jpg;img/05.jpg;img/06.jpg	true	true	2.4	apartment	3	9	27089	Breakfast;Air conditioning;Washer	Taylor	taylor72@example.com	avatar-taylor.jpg	pass9726	ordinary	52.370216	4.895168
Canal view studio	Bright studio with a view on the canal, perfect for couples.	2026-02-23T16:17:40.816Z	Amsterdam	img/studio-01.jpg	img/s01.jpg;img/s02.jpg;img/s03.jpg;img/s04.jpg;img/s05.jpg;img/s06.jpg	true	true	4	apartment	6	2	13746	Laptop friendly workspace;Fridge	Alex	alex86@example.com	avatar-alex.jpg	pass8953	ordinary	52.370216	4.895168
Business hotel near station	Comfortable business hotel right next to the central station, ideal for short business trips.	2026-02-24T16:17:40.816Z	Cologne	img/hotel-01.jpg	img/bh01.jpg;img/bh02.jpg;img/bh03.jpg;img/bh04.jpg;img/bh05.jpg;img/bh06.jpg	false	false	1.5	hotel	3	9	7255	Breakfast	Morgan	morgan69@example.com	avatar-morgan.jpg	pass1170	ordinary	50.938361	6.959974
Cozy room near park	Small but cozy room next to a green park, perfect for a short stay.	2026-02-23T16:17:40.816Z	Paris	img/room-01.jpg	img/r01.jpg;img/r02.jpg;img/r03.jpg;img/r04.jpg;img/r05.jpg;img/r06.jpg	true	true	2.9	room	5	2	33998	Towels	Pat	pat89@example.com	avatar-pat.jpg	pass9908	ordinary	48.85661	2.351499
Family house with garden	Spacious family house with private garden and parking space.	2026-02-14T16:17:40.816Z	Hamburg	img/house-01.jpg	img/h01.jpg;img/h02.jpg;img/h03.jpg;img/h04.jpg;img/h05.jpg;img/h06.jpg	false	false	4.6	house	5	5	6517	Washer	Pat	pat74@example.com	avatar-pat.jpg	pass9085	ordinary	53.550341	10.000654
Business hotel near station	Comfortable business hotel right next to the central station, ideal for short business trips.	2026-02-14T16:17:40.816Z	Cologne	img/hotel-01.jpg	img/bh01.jpg;img/bh02.jpg;img/bh03.jpg;img/bh04.jpg;img/bh05.jpg;img/bh06.jpg	false	false	2.1	hotel	8	10	93176	Laptop friendly workspace;Towels	Taylor	taylor70@example.com	avatar-taylor.jpg	pass7623	ordinary	50.938361	6.959974
Family house with garden	Spacious family house with private garden and parking space.	2026-03-01T16:17:40.816Z	Hamburg	img/house-01.jpg	img/h01.jpg;img/h02.jpg;img/h03.jpg;img/h04.jpg;img/h05.jpg;img/h06.jpg	true	false	4.3	house	8	1	88165	Baby seat;Washer;Fridge	Taylor	taylor29@example.com	avatar-taylor.jpg	pass7948	pro	53.550341	10.000654
Family house with garden	Spacious family house with private garden and parking space.	2026-02-06T16:17:40.816Z	Hamburg	img/house-01.jpg	img/h01.jpg;img/h02.jpg;img/h03.jpg;img/h04.jpg;img/h05.jpg;img/h06.jpg	false	false	1.9	house	5	10	10696	Baby seat;Washer;Fridge	Morgan	morgan62@example.com	avatar-morgan.jpg	pass9646	pro	53.550341	10.000654
Family house with garden	Spacious family house with private garden and parking space.	2026-02-20T16:17:40.816Z	Hamburg	img/house-01.jpg	img/h01.jpg;img/h02.jpg;img/h03.jpg;img/h04.jpg;img/h05.jpg;img/h06.jpg	true	true	3.1	house	6	8	44086	Washer	Sam	sam91@example.com	avatar-sam.jpg	pass7711	pro	53.550341	10.000654
Canal view studio	Bright studio with a view on the canal, perfect for couples.	2026-02-25T16:17:40.816Z	Amsterdam	img/studio-01.jpg	img/s01.jpg;img/s02.jpg;img/s03.jpg;img/s04.jpg;img/s05.jpg;img/s06.jpg	true	false	1.5	apartment	5	7	92905	Fridge	Chris	chris59@example.com	avatar-chris.jpg	pass6216	pro	52.370216	4.895168
Family house with garden	Spacious family house with private garden and parking space.	2026-03-02T16:17:40.816Z	Hamburg	img/house-01.jpg	img/h01.jpg;img/h02.jpg;img/h03.jpg;img/h04.jpg;img/h05.jpg;img/h06.jpg	true	true	4.4	house	7	3	25675	Baby seat;Washer;Fridge	Pat	pat84@example.com	avatar-pat.jpg	pass1963	pro	53.550341	10.000654
Canal view studio	Bright studio with a view on the canal, perfect for couples.	2026-02-19T16:17:40.816Z	Amsterdam	img/studio-01.jpg	img/s01.jpg;img/s02.jpg;img/s03.jpg;img/s04.jpg;img/s05.jpg;img/s06.jpg	true	true	4	apartment	8	2	68050	Fridge	Chris	chris85@example.com	avatar-chris.jpg	pass6562	pro	52.370216	4.895168
Canal view studio	Bright studio with a view on the canal, perfect for couples.	2026-02-02T16:17:40.816Z	Amsterdam	img/studio-01.jpg	img/s01.jpg;img/s02.jpg;img/s03.jpg;img/s04.jpg;img/s05.jpg;img/s06.jpg	true	true	3.9	apartment	8	9	53693	Air conditioning;Fridge	Sam	sam61@example.com	avatar-sam.jpg	pass3221	ordinary	52.370216	4.895168
Family house with garden	Spacious family house with private garden and parking space.	2026-02-18T16:17:40.816Z	Hamburg	img/house-01.jpg	img/h01.jpg;img/h02.jpg;img/h03.jpg;img/h04.jpg;img/h05.jpg;img/h06.jpg	false	false	2.5	house	1	5	96476	Washer	Jordan	jordan45@example.com	avatar-jordan.jpg	pass7325	ordinary	53.550341	10.000654
Canal view studio	Bright studio with a view on the canal, perfect for couples.	2026-02-02T16:17:40.816Z	Amsterdam	img/studio-01.jpg	img/s01.jpg;img/s02.jpg;img/s03.jpg;img/s04.jpg;img/s05.jpg;img/s06.jpg	true	false	2.9	apartment	1	9	76986	Fridge	Morgan	morgan7@example.com	avatar-morgan.jpg	pass2351	pro	52.370216	4.895168
Canal view studio	Bright studio with a view on the canal, perfect for couples.	2026-02-23T16:17:40.816Z	Amsterdam	img/studio-01.jpg	img/s01.jpg;img/s02.jpg;img/s03.jpg;img/s04.jpg;img/s05.jpg;img/s06.jpg	true	false	1.3	apartment	3	8	59707	Air conditioning;Laptop friendly workspace;Fridge	Sam	sam93@example.com	avatar-sam.jpg	pass5532	ordinary	52.370216	4.895168
Cozy room near park	Small but cozy room next to a green park, perfect for a short stay.	2026-02-20T16:17:40.816Z	Paris	img/room-01.jpg	img/r01.jpg;img/r02.jpg;img/r03.jpg;img/r04.jpg;img/r05.jpg;img/r06.jpg	true	false	2.5	room	1	4	72806	Fridge	Taylor	taylor57@example.com	avatar-taylor.jpg	pass1479	ordinary	48.85661	2.351499
Cozy room near park	Small but cozy room next to a green park, perfect for a short stay.	2026-02-09T16:17:40.816Z	Paris	img/room-01.jpg	img/r01.jpg;img/r02.jpg;img/r03.jpg;img/r04.jpg;img/r05.jpg;img/r06.jpg	true	false	2.3	room	1	10	77419	Fridge	Taylor	taylor24@example.com	avatar-taylor.jpg	pass5479	ordinary	48.85661	2.351499
Family house with garden	Spacious family house with private garden and parking space.	2026-02-15T16:17:40.817Z	Hamburg	img/house-01.jpg	img/h01.jpg;img/h02.jpg;img/h03.jpg;img/h04.jpg;img/h05.jpg;img/h06.jpg	false	true	3.2	house	7	9	36755	Washer;Fridge	Alex	alex39@example.com	avatar-alex.jpg	pass8066	ordinary	53.550341	10.000654
Stylish apartment in city center	Modern stylish apartment in the very heart of the city, close to main attractions and restaurants.	2026-02-04T16:17:40.817Z	Amsterdam	img/apartment-01.jpg	img/01.jpg;img/02.jpg;img/03.jpg;img/04.jpg;img/05.jpg;img/06.jpg	true	true	2.8	apartment	7	6	11802	Breakfast;Air conditioning;Washer;Towels	Alex	alex32@example.com	avatar-alex.jpg	pass6205	ordinary	52.370216	4.895168
Stylish apartment in city center	Modern stylish apartment in the very heart of the city, close to main attractions and restaurants.	2026-02-13T16:17:40.817Z	Amsterdam	img/apartment-01.jpg	img/01.jpg;img/02.jpg;img/03.jpg;img/04.jpg;img/05.jpg;img/06.jpg	true	true	3.9	apartment	8	9	77446	Towels	Sam	sam22@example.com	avatar-sam.jpg	pass1718	pro	52.370216	4.895168
Canal view studio	Bright studio with a view on the canal, perfect for couples.	2026-02-09T16:17:40.817Z	Amsterdam	img/studio-01.jpg	img/s01.jpg;img/s02.jpg;img/s03.jpg;img/s04.jpg;img/s05.jpg;img/s06.jpg	true	true	1.4	apartment	8	1	98982	Air conditioning;Laptop friendly workspace	Jordan	jordan9@example.com	avatar-jordan.jpg	pass1677	ordinary	52.370216	4.895168
Cozy room near park	Small but cozy room next to a green park, perfect for a short stay.	2026-02-26T16:17:40.817Z	Paris	img/room-01.jpg	img/r01.jpg;img/r02.jpg;img/r03.jpg;img/r04.jpg;img/r05.jpg;img/r06.jpg	false	true	2.4	room	2	5	15838	Fridge	Jordan	jordan9@example.com	avatar-jordan.jpg	pass5317	pro	48.85661	2.351499
Business hotel near station	Comfortable business hotel right next to the central station, ideal for short business trips.	2026-03-01T16:17:40.817Z	Cologne	img/hotel-01.jpg	img/bh01.jpg;img/bh02.jpg;img/bh03.jpg;img/bh04.jpg;img/bh05.jpg;img/bh06.jpg	false	true	2.3	hotel	1	8	25168	Breakfast	Alex	alex13@example.com	avatar-alex.jpg	pass2023	pro	50.938361	6.959974
Business hotel near station	Comfortable business hotel right next to the central station, ideal for short business trips.	2026-02-23T16:17:40.817Z	Cologne	img/hotel-01.jpg	img/bh01.jpg;img/bh02.jpg;img/bh03.jpg;img/bh04.jpg;img/bh05.jpg;img/bh06.jpg	true	false	3.9	hotel	4	5	82132	Towels	Jordan	jordan46@example.com	avatar-jordan.jpg	pass8186	pro	50.938361	6.959974
